college_id,College Name,Fees,Average Package,Highest Package,Rating,Ranking,Main Link,Reviews Link
1,"IIT Bombay - Indian Institute of Technology - [IITB], Mumbai","₹ 2,36,000","₹ 23,50,000","₹ 1,00,00,000",4.4 / 5,# 1 th / 500 in India 2025,https://collegedunia.com/university/25703-iit-bombay-indian-institute-of-technology-iitb-mumbai,https://collegedunia.com/university/25703-iit-bombay-indian-institute-of-technology-iitb-mumbai/reviews
2,"IIT Delhi - Indian Institute of Technology [IITD], New Delhi","₹ 2,27,750","₹ 25,82,000","₹ 2,00,00,000",4.3 / 5,# 2 th / 500 in India 2025,https://collegedunia.com/university/25455-iit-delhi-indian-institute-of-technology-iitd-new-delhi,https://collegedunia.com/university/25455-iit-delhi-indian-institute-of-technology-iitd-new-delhi/reviews
3,"IIT Madras - Indian Institute of Technology - [IITM], Chennai","₹ 2,53,417","₹ 21,48,000","₹ 4,30,00,000",4.3 / 5,# 3 th / 500 in India 2025,https://collegedunia.com/university/25881-iit-madras-indian-institute-of-technology-iitm-chennai,https://collegedunia.com/university/25881-iit-madras-indian-institute-of-technology-iitm-chennai/reviews
4,"IIT Kanpur - Indian Institute of Technology - [IITK], Kanpur","₹ 2,00,000","₹ 17,20,000","₹ 1,90,00,000",4.4 / 5,# 4 th / 500 in India 2025,https://collegedunia.com/university/25948-iit-kanpur-indian-institute-of-technology-iitk-kanpur,https://collegedunia.com/university/25948-iit-kanpur-indian-institute-of-technology-iitk-kanpur/reviews
5,"IIT Kharagpur - Indian Institute of Technology - [IITKGP], Kharagpur","₹ 2,30,600","₹ 24,30,000","₹ 2,14,00,000",4.4 / 5,# 5 th / 500 in India 2025,https://collegedunia.com/university/26007-iit-kharagpur-indian-institute-of-technology-iitkgp-kharagpur,https://collegedunia.com/university/26007-iit-kharagpur-indian-institute-of-technology-iitkgp-kharagpur/reviews
6,"IIT Roorkee - Indian Institute of Technology - [IITR], Roorkee","₹ 2,24,100","₹ 18,34,000","₹ 1,30,00,000",4.3 / 5,# 6 th / 500 in India 2025,https://collegedunia.com/university/25992-iit-roorkee-indian-institute-of-technology-iitr-roorkee,https://collegedunia.com/university/25992-iit-roorkee-indian-institute-of-technology-iitr-roorkee/reviews
7,"IIT Guwahati - Indian Institute of Technology - [IITG], Guwahati","₹ 2,43,700","₹ 25,21,000","₹ 1,25,00,000",4.3 / 5,# 7 th / 500 in India 2025,https://collegedunia.com/university/25396-iit-guwahati-indian-institute-of-technology-iitg-guwahati,https://collegedunia.com/university/25396-iit-guwahati-indian-institute-of-technology-iitg-guwahati/reviews
80,"BITS Pilani, Pilani","₹ 6,38,175","₹ 22,00,000","₹ 60,75,000",4.4 / 5,# 8 th / 500 in India 2025,https://collegedunia.com/university/25800-bits-pilani-pilani,https://collegedunia.com/university/25800-bits-pilani-pilani/reviews
8,"IIT Hyderabad - Indian Institute of Technology - [IITH], Hyderabad","₹ 2,49,888","₹ 20,81,000","₹ 66,13,000",4.3 / 5,# 9 th / 500 in India 2025,https://collegedunia.com/university/25356-iit-hyderabad-indian-institute-of-technology-iith-hyderabad,https://collegedunia.com/university/25356-iit-hyderabad-indian-institute-of-technology-iith-hyderabad/reviews
24,"NIT Trichy, Tiruchirappalli","₹ 1,85,450","₹ 16,43,000","₹ 64,00,000",4.1 / 5,# 11 th / 500 in India 2025,https://collegedunia.com/university/25889-nit-trichy-tiruchirappalli,https://collegedunia.com/university/25889-nit-trichy-tiruchirappalli/reviews
25,"National Institute of Technology - [NITK], Surathkal","₹ 1,66,950","₹ 24,56,000","₹ 55,00,000",4.2 / 5,# 12 th / 500 in India 2025,https://collegedunia.com/university/25620-national-institute-of-technology-nitk-surathkal,https://collegedunia.com/university/25620-national-institute-of-technology-nitk-surathkal/reviews
22,"ISM Dhanbad - Indian Institute of Technology - [IITISM], Dhanbad","₹ 3,22,800","₹ 20,61,000","₹ 66,14,000",4.3 / 5,# 13 th / 500 in India 2025,https://collegedunia.com/university/25581-ism-dhanbad-indian-institute-of-technology-iitism-dhanbad,https://collegedunia.com/university/25581-ism-dhanbad-indian-institute-of-technology-iitism-dhanbad/reviews
26,"NIT Warangal, Warangal","₹ 1,70,000","₹ 13,30,000","₹ 64,63,000",4.1 / 5,# 14 th / 500 in India 2025,https://collegedunia.com/university/25367-nit-warangal-warangal,https://collegedunia.com/university/25367-nit-warangal-warangal/reviews
55,"International Institute of Information Technology - [IIIT], Hyderabad","₹ 4,50,000","₹ 33,96,000","₹ 1,28,00,000",4.1 / 5,# 15 th / 500 in India 2025,https://collegedunia.com/university/25357-international-institute-of-information-technology-iiit-hyderabad,https://collegedunia.com/university/25357-international-institute-of-information-technology-iiit-hyderabad/reviews
108,"Indian Institute of Science - [IISc], Bangalore","₹ 2,20,800","₹ 28,00,000","₹ 85,00,000",4.4 / 5,# 16 th / 500 in India 2025,https://collegedunia.com/university/25603-indian-institute-of-science-iisc-bangalore,https://collegedunia.com/university/25603-indian-institute-of-science-iisc-bangalore/reviews
14,"IIT Mandi- Indian Institute of Technology - [IITM], Mandi","₹ 2,19,000","₹ 25,23,000","₹ 65,00,000",4.1 / 5,# 17 th / 500 in India 2025,https://collegedunia.com/university/25559-iit-mandi-indian-institute-of-technology-iitm-mandi,https://collegedunia.com/university/25559-iit-mandi-indian-institute-of-technology-iitm-mandi/reviews
13,"IIT Patna - Indian Institute of Technology - [IITP], Patna","₹ 2,73,250","₹ 23,90,000","₹ 1,62,00,000",4.2 / 5,# 18 th / 500 in India 2025,https://collegedunia.com/university/25409-iit-patna-indian-institute-of-technology-iitp-patna,https://collegedunia.com/university/25409-iit-patna-indian-institute-of-technology-iitp-patna/reviews
11,"IIT Gandhinagar - Indian Institute of Technology - [IITG], Gandhinagar","₹ 2,29,426",,,4.3 / 5,# 19 th / 500 in India 2025,https://collegedunia.com/university/25495-iit-gandhinagar-indian-institute-of-technology-iitg-gandhinagar,https://collegedunia.com/university/25495-iit-gandhinagar-indian-institute-of-technology-iitg-gandhinagar/reviews
29,"MNNIT Allahabad - Motilal Nehru National Institute of Technology - [MNNIT], Allahabad","₹ 1,68,000","₹ 20,43,000","₹ 72,00,000",4.2 / 5,# 20 th / 500 in India 2025,https://collegedunia.com/university/25961-mnnit-allahabad-motilal-nehru-national-institute-of-technology-mnnit-allahabad,https://collegedunia.com/university/25961-mnnit-allahabad-motilal-nehru-national-institute-of-technology-mnnit-allahabad/reviews
15,"IIT Jodhpur - Indian Institute of Technology - [IITJ], Jodhpur","₹ 2,54,800","₹ 21,30,000","₹ 53,00,000",4.4 / 5,# 21 th / 500 in India 2025,https://collegedunia.com/university/28194-iit-jodhpur-indian-institute-of-technology-iitj-jodhpur,https://collegedunia.com/university/28194-iit-jodhpur-indian-institute-of-technology-iitj-jodhpur/reviews
106,"Netaji Subhas University of Technology - [NSUT], New Delhi","₹ 2,50,000","₹ 16,78,000","₹ 65,00,000",3.7 / 5,# 22 th / 500 in India 2025,https://collegedunia.com/university/14479-netaji-subhas-university-of-technology-nsut-new-delhi,https://collegedunia.com/university/14479-netaji-subhas-university-of-technology-nsut-new-delhi/reviews
57,"Indian Institute of Information Technology - [IIIT], Allahabad","₹ 2,26,610","₹ 25,78,000","₹ 1,21,00,000",4.3 / 5,# 23 th / 500 in India 2025,https://collegedunia.com/university/25945-indian-institute-of-information-technology-iiit-allahabad,https://collegedunia.com/university/25945-indian-institute-of-information-technology-iiit-allahabad/reviews
28,"National Institute of Technology - [NITC], Calicut","₹ 2,11,500","₹ 13,39,000","₹ 43,24,000",4 / 5,# 24 th / 500 in India 2025,https://collegedunia.com/university/25651-national-institute-of-technology-nitc-calicut,https://collegedunia.com/university/25651-national-institute-of-technology-nitc-calicut/reviews
56,"International Institute of Information Technology - [IIIT-B], Bangalore","₹ 4,60,000","₹ 21,80,000","₹ 65,00,000",4.2 / 5,# 25 th / 500 in India 2025,https://collegedunia.com/university/25604-international-institute-of-information-technology-iiitb-bangalore,https://collegedunia.com/university/25604-international-institute-of-information-technology-iiitb-bangalore/reviews
81,"Birla Institute of Technology and Science - [BITS], South Goa","₹ 6,38,175","₹ 20,90,000","₹ 60,80,000",4.3 / 5,# 26 th / 500 in India 2025,https://collegedunia.com/university/13090-birla-institute-of-technology-and-science-bits-south-goa,https://collegedunia.com/university/13090-birla-institute-of-technology-and-science-bits-south-goa/reviews
82,"Birla Institute of Technology and Science - [BITS], Hyderabad","₹ 6,38,175","₹ 20,77,914","₹ 1,00,00,000",4.5 / 5,# 27 th / 500 in India 2025,https://collegedunia.com/university/28467-birla-institute-of-technology-and-science-bits-hyderabad,https://collegedunia.com/university/28467-birla-institute-of-technology-and-science-bits-hyderabad/reviews
27,"National Institute of Technology - [NIT], Rourkela","₹ 1,78,000","₹ 13,81,000","₹ 62,44,000",4.1 / 5,# 28 th / 500 in India 2025,https://collegedunia.com/university/24260-national-institute-of-technology-nit-rourkela,https://collegedunia.com/university/24260-national-institute-of-technology-nit-rourkela/reviews
23,"IIT Bhubaneswar - Indian Institute of Technology - [IITBBS], Bhubaneswar","₹ 2,41,690","₹ 16,98,000","₹ 67,60,000",4.1 / 5,# 29 th / 500 in India 2025,https://collegedunia.com/university/25759-iit-bhubaneswar-indian-institute-of-technology-iitbbs-bhubaneswar,https://collegedunia.com/university/25759-iit-bhubaneswar-indian-institute-of-technology-iitbbs-bhubaneswar/reviews
105,"Delhi Technological University - [DTU], New Delhi","₹ 2,47,700","₹ 15,45,000","₹ 85,30,000",4.2 / 5,# 30 th / 500 in India 2025,https://collegedunia.com/university/25449-delhi-technological-university-dtu-new-delhi,https://collegedunia.com/university/25449-delhi-technological-university-dtu-new-delhi/reviews
10,"IIT Indore - Indian Institute of Technology - [IITI], Indore","₹ 2,33,900","₹ 23,91,000","₹ 1,37,00,000",4.2 / 5,#34 th / 500 in India 2025,https://collegedunia.com/university/25666-iit-indore-indian-institute-of-technology-iiti-indore,https://collegedunia.com/university/25666-iit-indore-indian-institute-of-technology-iiti-indore/reviews
12,"IIT Ropar - Indian Institute of Technology - [IITR], Ropar","₹ 3,09,380","₹ 23,91,393","₹ 65,75,613",4.3 / 5,#35 th / 500 in India 2025,https://collegedunia.com/university/25786-iit-ropar-indian-institute-of-technology-iitr-ropar,https://collegedunia.com/university/25786-iit-ropar-indian-institute-of-technology-iitr-ropar/reviews
16,"IIT Tirupati - Indian Institute of Technology - [IITTP], Tirupati","₹ 2,20,420","₹ 15,54,000","₹ 41,64,000",4.2 / 5,#36 th / 500 in India 2025,https://collegedunia.com/university/55935-iit-tirupati-indian-institute-of-technology-iittp-tirupati,https://collegedunia.com/university/55935-iit-tirupati-indian-institute-of-technology-iittp-tirupati/reviews
58,"Atal Bihari Vajpayee Indian Institute of Information Technology and Management - [ABVIIITM], Gwalior","₹ 2,16,250","₹ 19,62,200","₹ 67,50,000",3.9 / 5,#37 th / 500 in India 2025,https://collegedunia.com/university/25664-atal-bihari-vajpayee-indian-institute-of-information-technology-and-management-abviiitm-gwalior,https://collegedunia.com/university/25664-atal-bihari-vajpayee-indian-institute-of-information-technology-and-management-abviiitm-gwalior/reviews
21,"IIT Goa - Indian Institute of Technology - [IIT Goa], Ponda","₹ 2,18,392","₹ 18,85,000","₹ 60,00,000",4.2 / 5,#38 th / 500 in India 2025,https://collegedunia.com/university/57671-iit-goa-indian-institute-of-technology-iit-goa-ponda,https://collegedunia.com/university/57671-iit-goa-indian-institute-of-technology-iit-goa-ponda/reviews
49,"National Institute of Technology - [NIT], New Delhi","₹ 1,61,600","₹ 17,19,000","₹ 58,50,000",3.8 / 5,#39 th / 500 in India 2025,https://collegedunia.com/university/25464-national-institute-of-technology-nit-new-delhi,https://collegedunia.com/university/25464-national-institute-of-technology-nit-new-delhi/reviews
30,"Malaviya National Institute of Technology - [MNIT], Jaipur","₹ 1,81,287","₹ 13,20,000","₹ 64,00,000",4.2 / 5,#40 th / 500 in India 2025,https://collegedunia.com/university/25828-malaviya-national-institute-of-technology-mnit-jaipur,https://collegedunia.com/university/25828-malaviya-national-institute-of-technology-mnit-jaipur/reviews
53,"Sardar Vallabhbhai National Institute of Technology - [SVNIT], Surat","₹ 2,15,000","₹ 8,12,000","₹ 62,00,000",4 / 5,#41 th / 500 in India 2025,https://collegedunia.com/university/25509-sardar-vallabhbhai-national-institute-of-technology-svnit-surat,https://collegedunia.com/university/25509-sardar-vallabhbhai-national-institute-of-technology-svnit-surat/reviews
20,"IIT Dharwad - Indian Institute of Technology - [IITD], Dharwad","₹ 2,00,000","₹ 12,63,000","₹ 52,00,000",4.3 / 5,#42 th / 500 in India 2025,https://collegedunia.com/university/57672-iit-dharwad-indian-institute-of-technology-iitd-dharwad,https://collegedunia.com/university/57672-iit-dharwad-indian-institute-of-technology-iitd-dharwad/reviews
35,"National Institute of Technology - [NIT], Jamshedpur","₹ 1,81,000","₹ 12,63,000","₹ 82,00,000",4 / 5,#43 th / 500 in India 2025,https://collegedunia.com/university/25584-national-institute-of-technology-nit-jamshedpur,https://collegedunia.com/university/25584-national-institute-of-technology-nit-jamshedpur/reviews
32,"National Institute of Technology - [NIT], Durgapur","₹ 1,73,700","₹ 7,35,000","₹ 51,00,000",4.3 / 5,#44 th / 500 in India 2025,https://collegedunia.com/university/26009-national-institute-of-technology-nit-durgapur,https://collegedunia.com/university/26009-national-institute-of-technology-nit-durgapur/reviews
103,"Jadavpur University - [JU], Kolkata","₹ 28,120","₹ 57,00,000",,4.3 / 5,#45 th / 500 in India 2025,https://collegedunia.com/university/26008-jadavpur-university-ju-kolkata,https://collegedunia.com/university/26008-jadavpur-university-ju-kolkata/reviews
19,"IIT Jammu - Indian Institute of Technology - [IITJ], Jammu","₹ 2,20,020","₹ 15,50,000","₹ 53,00,000",4.2 / 5,#48 th / 500 in India 2025,https://collegedunia.com/university/57662-iit-jammu-indian-institute-of-technology-iitj-jammu,https://collegedunia.com/university/57662-iit-jammu-indian-institute-of-technology-iitj-jammu/reviews
17,"IIT Palakkad - Indian Institute of Technology - [IITPKD], Palakkad","₹ 2,32,340","₹ 13,89,000","₹ 47,12,000",4.3 / 5,#49 th / 500 in India 2025,https://collegedunia.com/university/55934-iit-palakkad-indian-institute-of-technology-iitpkd-palakkad,https://collegedunia.com/university/55934-iit-palakkad-indian-institute-of-technology-iitpkd-palakkad/reviews
83,"Vellore Institute of Technology - [VIT University], Vellore","₹ 1,98,000","₹ 9,90,000","₹ 1,00,00,000",4.1 / 5,#50 th / 500 in India 2025,https://collegedunia.com/university/25914-vellore-institute-of-technology-vit-university-vellore,https://collegedunia.com/university/25914-vellore-institute-of-technology-vit-university-vellore/reviews
107,"Punjab Engineering College University of Technology - [PEC], Chandigarh","₹ 2,07,000","₹ 13,61,000","₹ 61,03,000",4 / 5,#51 th / 500 in India 2025,https://collegedunia.com/university/25424-punjab-engineering-college-university-of-technology-pec-chandigarh,https://collegedunia.com/university/25424-punjab-engineering-college-university-of-technology-pec-chandigarh/reviews
52,"Maulana Azad National Institute of Technology  - [MANIT], Bhopal","₹ 1,55,400","₹ 15,60,000","₹ 82,00,000",4 / 5,#52 th / 500 in India 2025,https://collegedunia.com/university/25679-maulana-azad-national-institute-of-technology-manit-bhopal,https://collegedunia.com/university/25679-maulana-azad-national-institute-of-technology-manit-bhopal/reviews
20,"IIT Dharwad - Indian Institute of Technology - [IITD], Dharwad","₹ 2,00,000","₹ 12,63,000","₹ 52,00,000",4.3 / 5,#42 th / 500 in India 2025,https://collegedunia.com/university/57672-iit-dharwad-indian-institute-of-technology-iitd-dharwad,https://collegedunia.com/university/57672-iit-dharwad-indian-institute-of-technology-iitd-dharwad/reviews
35,"National Institute of Technology - [NIT], Jamshedpur","₹ 1,81,000","₹ 12,63,000","₹ 82,00,000",4 / 5,#43 th / 500 in India 2025,https://collegedunia.com/university/25584-national-institute-of-technology-nit-jamshedpur,https://collegedunia.com/university/25584-national-institute-of-technology-nit-jamshedpur/reviews
32,"National Institute of Technology - [NIT], Durgapur","₹ 1,73,700","₹ 7,35,000","₹ 51,00,000",4.3 / 5,#44 th / 500 in India 2025,https://collegedunia.com/university/26009-national-institute-of-technology-nit-durgapur,https://collegedunia.com/university/26009-national-institute-of-technology-nit-durgapur/reviews
103,"Jadavpur University - [JU], Kolkata","₹ 28,120","₹ 57,00,000",,4.3 / 5,#45 th / 500 in India 2025,https://collegedunia.com/university/26008-jadavpur-university-ju-kolkata,https://collegedunia.com/university/26008-jadavpur-university-ju-kolkata/reviews
19,"IIT Jammu - Indian Institute of Technology - [IITJ], Jammu","₹ 2,20,020","₹ 15,50,000","₹ 53,00,000",4.2 / 5,#48 th / 500 in India 2025,https://collegedunia.com/university/57662-iit-jammu-indian-institute-of-technology-iitj-jammu,https://collegedunia.com/university/57662-iit-jammu-indian-institute-of-technology-iitj-jammu/reviews
17,"IIT Palakkad - Indian Institute of Technology - [IITPKD], Palakkad","₹ 2,32,340","₹ 13,89,000","₹ 47,12,000",4.3 / 5,#49 th / 500 in India 2025,https://collegedunia.com/university/55934-iit-palakkad-indian-institute-of-technology-iitpkd-palakkad,https://collegedunia.com/university/55934-iit-palakkad-indian-institute-of-technology-iitpkd-palakkad/reviews
83,"Vellore Institute of Technology - [VIT University], Vellore","₹ 1,98,000","₹ 9,90,000","₹ 1,00,00,000",4.1 / 5,#50 th / 500 in India 2025,https://collegedunia.com/university/25914-vellore-institute-of-technology-vit-university-vellore,https://collegedunia.com/university/25914-vellore-institute-of-technology-vit-university-vellore/reviews
107,"Punjab Engineering College University of Technology - [PEC], Chandigarh","₹ 2,07,000","₹ 13,61,000","₹ 61,03,000",4 / 5,#51 th / 500 in India 2025,https://collegedunia.com/university/25424-punjab-engineering-college-university-of-technology-pec-chandigarh,https://collegedunia.com/university/25424-punjab-engineering-college-university-of-technology-pec-chandigarh/reviews
52,"Maulana Azad National Institute of Technology  - [MANIT], Bhopal","₹ 1,55,400","₹ 15,60,000","₹ 82,00,000",4 / 5,#52 th / 500 in India 2025,https://collegedunia.com/university/25679-maulana-azad-national-institute-of-technology-manit-bhopal,https://collegedunia.com/university/25679-maulana-azad-national-institute-of-technology-manit-bhopal/reviews
18,"IIT Bhilai - Indian Institute of Technology - [IITB], Bhilai","₹ 2,00,000","₹ 13,28,000","₹ 49,00,000",4.2 / 5,#53 th / 500 in India 2025,https://collegedunia.com/university/56300-iit-bhilai-indian-institute-of-technology-iitb-bhilai,https://collegedunia.com/university/56300-iit-bhilai-indian-institute-of-technology-iitb-bhilai/reviews
51,"Dr BR Ambedkar National Institute of Technology - [NIT], Jalandhar","₹ 1,64,000","₹ 10,80,000","₹ 52,00,000",3.9 / 5,#54 th / 500 in India 2025,https://collegedunia.com/university/25781-dr-br-ambedkar-national-institute-of-technology-nit-jalandhar,https://collegedunia.com/university/25781-dr-br-ambedkar-national-institute-of-technology-nit-jalandhar/reviews
36,"National Institute of Technology - [NITP], Patna",--,"₹ 9,90,000","₹ 41,37,000",4 / 5,#55 th / 500 in India 2025,https://collegedunia.com/university/25417-national-institute-of-technology-nitp-patna,https://collegedunia.com/university/25417-national-institute-of-technology-nitp-patna/reviews
31,"National Institute of Technology - [NIT], Kurukshetra","₹ 1,87,000","₹ 13,21,000","₹ 63,12,000",4 / 5,#57 th / 500 in India 2025,https://collegedunia.com/university/25540-national-institute-of-technology-nit-kurukshetra,https://collegedunia.com/university/25540-national-institute-of-technology-nit-kurukshetra/reviews
59,"Indian Institute of Information Technology Design and Manufacturing - [IIITDM], Jabalpur","₹ 1,74,000","₹ 21,00,000","₹ 87,54,000",4 / 5,#58 th / 500 in India 2025,https://collegedunia.com/university/5843-indian-institute-of-information-technology-design-and-manufacturing-iiitdm-jabalpur,https://collegedunia.com/university/5843-indian-institute-of-information-technology-design-and-manufacturing-iiitdm-jabalpur/reviews
45,"National Institute of Technology - [NIT] Uttarakhand, Srinagar Garhwal","₹ 1,62,043","₹ 8,03,000","₹ 12,50,000",3.6 / 5,#59 th / 500 in India 2025,https://collegedunia.com/university/28197-national-institute-of-technology-nit-uttarakhand-srinagar-garhwal,https://collegedunia.com/university/28197-national-institute-of-technology-nit-uttarakhand-srinagar-garhwal/reviews
37,"National Institute of Technology - [NIT], Raipur","₹ 1,25,000","₹ 11,07,000","₹ 60,00,000",3.9 / 5,#61 th / 500 in India 2025,https://collegedunia.com/university/25442-national-institute-of-technology-nit-raipur,https://collegedunia.com/university/25442-national-institute-of-technology-nit-raipur/reviews
48,"National Institute of Technology - [NIT], South Goa","₹ 1,47,500","₹ 9,24,000","₹ 20,00,000",3.7 / 5,#62 th / 500 in India 2025,https://collegedunia.com/university/25475-national-institute-of-technology-nit-south-goa,https://collegedunia.com/university/25475-national-institute-of-technology-nit-south-goa/reviews
18,"IIT Bhilai - Indian Institute of Technology - [IITB], Bhilai","₹ 2,00,000","₹ 13,28,000","₹ 49,00,000",4.2 / 5,#53 th / 500 in India 2025,https://collegedunia.com/university/56300-iit-bhilai-indian-institute-of-technology-iitb-bhilai,https://collegedunia.com/university/56300-iit-bhilai-indian-institute-of-technology-iitb-bhilai/reviews
51,"Dr BR Ambedkar National Institute of Technology - [NIT], Jalandhar","₹ 1,64,000","₹ 10,80,000","₹ 52,00,000",3.9 / 5,#54 th / 500 in India 2025,https://collegedunia.com/university/25781-dr-br-ambedkar-national-institute-of-technology-nit-jalandhar,https://collegedunia.com/university/25781-dr-br-ambedkar-national-institute-of-technology-nit-jalandhar/reviews
36,"National Institute of Technology - [NITP], Patna",--,"₹ 9,90,000","₹ 41,37,000",4 / 5,#55 th / 500 in India 2025,https://collegedunia.com/university/25417-national-institute-of-technology-nitp-patna,https://collegedunia.com/university/25417-national-institute-of-technology-nitp-patna/reviews
31,"National Institute of Technology - [NIT], Kurukshetra","₹ 1,87,000","₹ 13,21,000","₹ 63,12,000",4 / 5,#57 th / 500 in India 2025,https://collegedunia.com/university/25540-national-institute-of-technology-nit-kurukshetra,https://collegedunia.com/university/25540-national-institute-of-technology-nit-kurukshetra/reviews
59,"Indian Institute of Information Technology Design and Manufacturing - [IIITDM], Jabalpur","₹ 1,74,000","₹ 21,00,000","₹ 87,54,000",4 / 5,#58 th / 500 in India 2025,https://collegedunia.com/university/5843-indian-institute-of-information-technology-design-and-manufacturing-iiitdm-jabalpur,https://collegedunia.com/university/5843-indian-institute-of-information-technology-design-and-manufacturing-iiitdm-jabalpur/reviews
45,"National Institute of Technology - [NIT] Uttarakhand, Srinagar Garhwal","₹ 1,62,043","₹ 8,03,000","₹ 12,50,000",3.6 / 5,#59 th / 500 in India 2025,https://collegedunia.com/university/28197-national-institute-of-technology-nit-uttarakhand-srinagar-garhwal,https://collegedunia.com/university/28197-national-institute-of-technology-nit-uttarakhand-srinagar-garhwal/reviews
37,"National Institute of Technology - [NIT], Raipur","₹ 1,25,000","₹ 11,07,000","₹ 60,00,000",3.9 / 5,#61 th / 500 in India 2025,https://collegedunia.com/university/25442-national-institute-of-technology-nit-raipur,https://collegedunia.com/university/25442-national-institute-of-technology-nit-raipur/reviews
48,"National Institute of Technology - [NIT], South Goa","₹ 1,47,500","₹ 9,24,000","₹ 20,00,000",3.7 / 5,#62 th / 500 in India 2025,https://collegedunia.com/university/25475-national-institute-of-technology-nit-south-goa,https://collegedunia.com/university/25475-national-institute-of-technology-nit-south-goa/reviews
50,"National Institute of Technology - [NIT], Pondicherry","₹ 1,40,350","₹ 5,00,000","₹ 23,00,000",3.7 / 5,#63 th / 500 in India 2025,https://collegedunia.com/university/28218-national-institute-of-technology-nit-pondicherry,https://collegedunia.com/university/28218-national-institute-of-technology-nit-pondicherry/reviews
90,"Thapar Institute of Engineering and Technology - [Thapar University], Patiala","₹ 5,08,000","₹ 11,38,000","₹ 1,23,00,000",3.9 / 5,#64 th / 500 in India 2025,https://collegedunia.com/university/25795-thapar-institute-of-engineering-and-technology-thapar-university-patiala,https://collegedunia.com/university/25795-thapar-institute-of-engineering-and-technology-thapar-university-patiala/reviews
38,"National Institute of Technology - [NIT], Srinagar","₹ 1,64,500","₹ 12,80,000","₹ 36,50,000",3.7 / 5,#65 th / 500 in India 2025,https://collegedunia.com/university/25571-national-institute-of-technology-nit-srinagar,https://collegedunia.com/university/25571-national-institute-of-technology-nit-srinagar/reviews
61,"Indian Institute of Information Technology - [IIIT], Pune","₹ 3,08,750","₹ 13,60,000","₹ 43,00,000",3.9 / 5,#66 th / 500 in India 2025,https://collegedunia.com/university/57979-indian-institute-of-information-technology-iiit-pune,https://collegedunia.com/university/57979-indian-institute-of-information-technology-iiit-pune/reviews
146,"Birla Institute of Technology - [BIT Mesra], Ranchi","₹ 4,38,000","₹ 11,77,000","₹ 1,45,00,000",3.7 / 5,#67 th / 500 in India 2025,https://collegedunia.com/university/13088-birla-institute-of-technology-bit-mesra-ranchi,https://collegedunia.com/university/13088-birla-institute-of-technology-bit-mesra-ranchi/reviews
73,"Indian Institute of Information Technology - [IIIT], Tiruchirappalli","₹ 2,82,000","₹ 19,51,000","₹ 46,67,000",4 / 5,#68 th / 500 in India 2025,https://collegedunia.com/university/59205-indian-institute-of-information-technology-iiit-tiruchirappalli,https://collegedunia.com/university/59205-indian-institute-of-information-technology-iiit-tiruchirappalli/reviews
121,"Indian Institute of Engineering Science and Technology - [IIEST] Shibpur, Howrah","₹ 1,70,600","₹ 8,39,000","₹ 56,00,000",4.1 / 5,#70 th / 500 in India 2025,https://collegedunia.com/university/28330-indian-institute-of-engineering-science-and-technology-iiest-shibpur-howrah,https://collegedunia.com/university/28330-indian-institute-of-engineering-science-and-technology-iiest-shibpur-howrah/reviews
39,"National Institute of Technology - [NIT], Agartala","₹ 1,56,550","₹ 14,71,000","₹ 52,00,000",4 / 5,#71 th / 500 in India 2025,https://collegedunia.com/university/25916-national-institute-of-technology-nit-agartala,https://collegedunia.com/university/25916-national-institute-of-technology-nit-agartala/reviews
33,"NIT Silchar, Silchar","₹ 1,61,740","₹ 8,00,000","₹ 54,00,000",4 / 5,#72 th / 500 in India 2025,https://collegedunia.com/university/25399-nit-silchar-silchar,https://collegedunia.com/university/25399-nit-silchar-silchar/reviews
50,"National Institute of Technology - [NIT], Pondicherry","₹ 1,40,350","₹ 5,00,000","₹ 23,00,000",3.7 / 5,#63 th / 500 in India 2025,https://collegedunia.com/university/28218-national-institute-of-technology-nit-pondicherry,https://collegedunia.com/university/28218-national-institute-of-technology-nit-pondicherry/reviews
90,"Thapar Institute of Engineering and Technology - [Thapar University], Patiala","₹ 5,08,000","₹ 11,38,000","₹ 1,23,00,000",3.9 / 5,#64 th / 500 in India 2025,https://collegedunia.com/university/25795-thapar-institute-of-engineering-and-technology-thapar-university-patiala,https://collegedunia.com/university/25795-thapar-institute-of-engineering-and-technology-thapar-university-patiala/reviews
38,"National Institute of Technology - [NIT], Srinagar","₹ 1,64,500","₹ 12,80,000","₹ 36,50,000",3.7 / 5,#65 th / 500 in India 2025,https://collegedunia.com/university/25571-national-institute-of-technology-nit-srinagar,https://collegedunia.com/university/25571-national-institute-of-technology-nit-srinagar/reviews
61,"Indian Institute of Information Technology - [IIIT], Pune","₹ 3,08,750","₹ 13,60,000","₹ 43,00,000",3.9 / 5,#66 th / 500 in India 2025,https://collegedunia.com/university/57979-indian-institute-of-information-technology-iiit-pune,https://collegedunia.com/university/57979-indian-institute-of-information-technology-iiit-pune/reviews
146,"Birla Institute of Technology - [BIT Mesra], Ranchi","₹ 4,38,000","₹ 11,77,000","₹ 1,45,00,000",3.7 / 5,#67 th / 500 in India 2025,https://collegedunia.com/university/13088-birla-institute-of-technology-bit-mesra-ranchi,https://collegedunia.com/university/13088-birla-institute-of-technology-bit-mesra-ranchi/reviews
73,"Indian Institute of Information Technology - [IIIT], Tiruchirappalli","₹ 2,82,000","₹ 19,51,000","₹ 46,67,000",4 / 5,#68 th / 500 in India 2025,https://collegedunia.com/university/59205-indian-institute-of-information-technology-iiit-tiruchirappalli,https://collegedunia.com/university/59205-indian-institute-of-information-technology-iiit-tiruchirappalli/reviews
121,"Indian Institute of Engineering Science and Technology - [IIEST] Shibpur, Howrah","₹ 1,70,600","₹ 8,39,000","₹ 56,00,000",4.1 / 5,#70 th / 500 in India 2025,https://collegedunia.com/university/28330-indian-institute-of-engineering-science-and-technology-iiest-shibpur-howrah,https://collegedunia.com/university/28330-indian-institute-of-engineering-science-and-technology-iiest-shibpur-howrah/reviews
39,"National Institute of Technology - [NIT], Agartala","₹ 1,56,550","₹ 14,71,000","₹ 52,00,000",4 / 5,#71 th / 500 in India 2025,https://collegedunia.com/university/25916-national-institute-of-technology-nit-agartala,https://collegedunia.com/university/25916-national-institute-of-technology-nit-agartala/reviews
33,"NIT Silchar, Silchar","₹ 1,61,740","₹ 8,00,000","₹ 54,00,000",4 / 5,#72 th / 500 in India 2025,https://collegedunia.com/university/25399-nit-silchar-silchar,https://collegedunia.com/university/25399-nit-silchar-silchar/reviews
63,"Indian Institute of Information Technology -[IIIT], Bhopal","₹ 2,68,254","₹ 16,77,000","₹ 85,00,000",3.6 / 5,#73 th / 500 in India 2025,https://collegedunia.com/university/59204-indian-institute-of-information-technology-iiit-bhopal,https://collegedunia.com/university/59204-indian-institute-of-information-technology-iiit-bhopal/reviews
47,"National Institute of Technology - [NITAP], Tadepalligudem","₹ 1,52,500","₹ 8,13,000","₹ 44,00,000",3.8 / 5,#74 th / 500 in India 2025,https://collegedunia.com/university/55796-national-institute-of-technology-nitap-tadepalligudem,https://collegedunia.com/university/55796-national-institute-of-technology-nitap-tadepalligudem/reviews
79,"Indian Institute of Information Technology Sri City - [IIIT], Sri City","₹ 3,92,000","₹ 18,44,000","₹ 1,20,00,000",3.8 / 5,#75 th / 500 in India 2025,https://collegedunia.com/university/55789-indian-institute-of-information-technology-sri-city-iiit-sri-city,https://collegedunia.com/university/55789-indian-institute-of-information-technology-sri-city-iiit-sri-city/reviews
64,"Indian Institute of Information Technology - [IIIT], Ranchi","₹ 3,13,000","₹ 12,36,000","₹ 54,00,000",4 / 5,#76 th / 500 in India 2025,https://collegedunia.com/university/57972-indian-institute-of-information-technology-iiit-ranchi,https://collegedunia.com/university/57972-indian-institute-of-information-technology-iiit-ranchi/reviews
72,"Indian Institute of Information Technology [IIIT], Kottayam","₹ 3,76,300","₹ 11,91,000","₹ 50,00,000",4 / 5,#77 th / 500 in India 2025,https://collegedunia.com/university/57975-indian-institute-of-information-technology-iiit-kottayam,https://collegedunia.com/university/57975-indian-institute-of-information-technology-iiit-kottayam/reviews
34,"National Institute of Technology - [NIT], Hamirpur","₹ 1,80,200","₹ 10,58,000","₹ 58,00,000",4 / 5,#78 th / 500 in India 2025,https://collegedunia.com/university/25564-national-institute-of-technology-nit-hamirpur,https://collegedunia.com/university/25564-national-institute-of-technology-nit-hamirpur/reviews
68,"Indian Institute of Information Technology - [IIIT], Bhagalpur","₹ 3,05,738","₹ 10,25,000","₹ 83,00,000",4 / 5,#79 th / 500 in India 2025,https://collegedunia.com/university/59202-indian-institute-of-information-technology-iiit-bhagalpur,https://collegedunia.com/university/59202-indian-institute-of-information-technology-iiit-bhagalpur/reviews
60,"Indian Institute of Information Technology Design & Manufacturing - [IIITDM], Chennai","₹ 1,95,200","₹ 10,80,000","₹ 32,00,000",4.1 / 5,#80 th / 500 in India 2025,https://collegedunia.com/college/28199-indian-institute-of-information-technology-design-and-manufacturing-iiitdm-chennai,https://collegedunia.com/college/28199-indian-institute-of-information-technology-design-and-manufacturing-iiitdm-chennai/reviews
75,"Indian Institute of Information Technology -[IIIT], Raichur","₹ 3,51,888","₹ 18,00,000","₹ 45,00,000",4.1 / 5,#81 th / 500 in India 2025,https://collegedunia.com/college/60079-indian-institute-of-information-technology-iiit-raichur,https://collegedunia.com/college/60079-indian-institute-of-information-technology-iiit-raichur/reviews
77,"Indian Institute of Information Technology - [IIITK], Kalyani","₹ 2,84,800","₹ 10,72,000","₹ 44,00,000",3.5 / 5,#82 th / 500 in India 2025,https://collegedunia.com/university/55782-indian-institute-of-information-technology-iiitk-kalyani,https://collegedunia.com/university/55782-indian-institute-of-information-technology-iiitk-kalyani/reviews
63,"Indian Institute of Information Technology -[IIIT], Bhopal","₹ 2,68,254","₹ 16,77,000","₹ 85,00,000",3.6 / 5,#73 th / 500 in India 2025,https://collegedunia.com/university/59204-indian-institute-of-information-technology-iiit-bhopal,https://collegedunia.com/university/59204-indian-institute-of-information-technology-iiit-bhopal/reviews
47,"National Institute of Technology - [NITAP], Tadepalligudem","₹ 1,52,500","₹ 8,13,000","₹ 44,00,000",3.8 / 5,#74 th / 500 in India 2025,https://collegedunia.com/university/55796-national-institute-of-technology-nitap-tadepalligudem,https://collegedunia.com/university/55796-national-institute-of-technology-nitap-tadepalligudem/reviews
79,"Indian Institute of Information Technology Sri City - [IIIT], Sri City","₹ 3,92,000","₹ 18,44,000","₹ 1,20,00,000",3.8 / 5,#75 th / 500 in India 2025,https://collegedunia.com/university/55789-indian-institute-of-information-technology-sri-city-iiit-sri-city,https://collegedunia.com/university/55789-indian-institute-of-information-technology-sri-city-iiit-sri-city/reviews
64,"Indian Institute of Information Technology - [IIIT], Ranchi","₹ 3,13,000","₹ 12,36,000","₹ 54,00,000",4 / 5,#76 th / 500 in India 2025,https://collegedunia.com/university/57972-indian-institute-of-information-technology-iiit-ranchi,https://collegedunia.com/university/57972-indian-institute-of-information-technology-iiit-ranchi/reviews
72,"Indian Institute of Information Technology [IIIT], Kottayam","₹ 3,76,300","₹ 11,91,000","₹ 50,00,000",4 / 5,#77 th / 500 in India 2025,https://collegedunia.com/university/57975-indian-institute-of-information-technology-iiit-kottayam,https://collegedunia.com/university/57975-indian-institute-of-information-technology-iiit-kottayam/reviews
34,"National Institute of Technology - [NIT], Hamirpur","₹ 1,80,200","₹ 10,58,000","₹ 58,00,000",4 / 5,#78 th / 500 in India 2025,https://collegedunia.com/university/25564-national-institute-of-technology-nit-hamirpur,https://collegedunia.com/university/25564-national-institute-of-technology-nit-hamirpur/reviews
68,"Indian Institute of Information Technology - [IIIT], Bhagalpur","₹ 3,05,738","₹ 10,25,000","₹ 83,00,000",4 / 5,#79 th / 500 in India 2025,https://collegedunia.com/university/59202-indian-institute-of-information-technology-iiit-bhagalpur,https://collegedunia.com/university/59202-indian-institute-of-information-technology-iiit-bhagalpur/reviews
60,"Indian Institute of Information Technology Design & Manufacturing - [IIITDM], Chennai","₹ 1,95,200","₹ 10,80,000","₹ 32,00,000",4.1 / 5,#80 th / 500 in India 2025,https://collegedunia.com/college/28199-indian-institute-of-information-technology-design-and-manufacturing-iiitdm-chennai,https://collegedunia.com/college/28199-indian-institute-of-information-technology-design-and-manufacturing-iiitdm-chennai/reviews
75,"Indian Institute of Information Technology -[IIIT], Raichur","₹ 3,51,888","₹ 18,00,000","₹ 45,00,000",4.1 / 5,#81 th / 500 in India 2025,https://collegedunia.com/college/60079-indian-institute-of-information-technology-iiit-raichur,https://collegedunia.com/college/60079-indian-institute-of-information-technology-iiit-raichur/reviews
77,"Indian Institute of Information Technology - [IIITK], Kalyani","₹ 2,84,800","₹ 10,72,000","₹ 44,00,000",3.5 / 5,#82 th / 500 in India 2025,https://collegedunia.com/university/55782-indian-institute-of-information-technology-iiitk-kalyani,https://collegedunia.com/university/55782-indian-institute-of-information-technology-iiitk-kalyani/reviews
110,"Dhirubhai Ambani Institute of Information and Communication Technology - [DA-IICT], Gandhinagar","₹ 3,87,000","₹ 53,00,000",,4.3 / 5,#83 th / 500 in India 2025,https://collegedunia.com/university/25484-dhirubhai-ambani-institute-of-information-and-communication-technology-daiict-gandhinagar,https://collegedunia.com/university/25484-dhirubhai-ambani-institute-of-information-and-communication-technology-daiict-gandhinagar/reviews
78,"International Institute of Information Technology - [IIIT] Naya Raipur, Raipur","₹ 1,71,150","₹ 18,90,000","₹ 1,20,00,000",4.1 / 5,#84 th / 500 in India 2025,https://collegedunia.com/university/59057-international-institute-of-information-technology-iiit-naya-raipur-raipur,https://collegedunia.com/university/59057-international-institute-of-information-technology-iiit-naya-raipur-raipur/reviews
115,"R V College of Engineering - [RVCE], Bangalore","₹ 3,33,210","₹ 12,52,400","₹ 67,00,000",3.9 / 5,#85 th / 500 in India 2025,https://collegedunia.com/college/14673-r-v-college-of-engineering-rvce-bangalore,https://collegedunia.com/college/14673-r-v-college-of-engineering-rvce-bangalore/reviews
66,"Indian Institute of Information Technology - [IIIT], Surat","₹ 2,12,500","₹ 16,40,000","₹ 1,20,00,000",4 / 5,#86 th / 500 in India 2025,https://collegedunia.com/university/59206-indian-institute-of-information-technology-iiit-surat,https://collegedunia.com/university/59206-indian-institute-of-information-technology-iiit-surat/reviews
62,"Indian Institute of Information Technology - [IIIT], Nagpur","₹ 2,46,300","₹ 14,70,000","₹ 60,00,000",3.8 / 5,#87 th / 500 in India 2025,https://collegedunia.com/university/57974-indian-institute-of-information-technology-iiit-nagpur,https://collegedunia.com/university/57974-indian-institute-of-information-technology-iiit-nagpur/reviews
70,"Indian Institute of Information Technology - [IIIT], Una","₹ 2,75,000","₹ 11,02,000","₹ 30,00,000",3.9 / 5,#88 th / 500 in India 2025,https://collegedunia.com/university/55790-indian-institute-of-information-technology-iiit-una,https://collegedunia.com/university/55790-indian-institute-of-information-technology-iiit-una/reviews
67,"Indian Institute of Information Technology Vadodara - [IIIT-V], Gandhinagar","₹ 2,90,220","₹ 12,00,000","₹ 56,30,000",4.1 / 5,#89 th / 500 in India 2025,https://collegedunia.com/university/55787-indian-institute-of-information-technology-vadodara-iiitv-gandhinagar,https://collegedunia.com/university/55787-indian-institute-of-information-technology-vadodara-iiitv-gandhinagar/reviews
91,"The LNM Institute of Information Technology - [LNMIIT], Jaipur","₹ 5,31,400","₹ 13,36,000","₹ 1,24,00,000",3.9 / 5,#90 th / 500 in India 2025,https://collegedunia.com/university/25850-the-lnm-institute-of-information-technology-lnmiit-jaipur,https://collegedunia.com/university/25850-the-lnm-institute-of-information-technology-lnmiit-jaipur/reviews
102,"Veermata Jijabai Technological Institute - [VJTI], Mumbai","₹ 86,176","₹ 16,35,000","₹ 72,30,000",4 / 5,#92 th / 500 in India 2025,https://collegedunia.com/college/28202-veermata-jijabai-technological-institute-vjti-mumbai,https://collegedunia.com/college/28202-veermata-jijabai-technological-institute-vjti-mumbai/reviews
110,"Dhirubhai Ambani Institute of Information and Communication Technology - [DA-IICT], Gandhinagar","₹ 3,87,000","₹ 53,00,000",,4.3 / 5,#83 th / 500 in India 2025,https://collegedunia.com/university/25484-dhirubhai-ambani-institute-of-information-and-communication-technology-daiict-gandhinagar,https://collegedunia.com/university/25484-dhirubhai-ambani-institute-of-information-and-communication-technology-daiict-gandhinagar/reviews
78,"International Institute of Information Technology - [IIIT] Naya Raipur, Raipur","₹ 1,71,150","₹ 18,90,000","₹ 1,20,00,000",4.1 / 5,#84 th / 500 in India 2025,https://collegedunia.com/university/59057-international-institute-of-information-technology-iiit-naya-raipur-raipur,https://collegedunia.com/university/59057-international-institute-of-information-technology-iiit-naya-raipur-raipur/reviews
115,"R V College of Engineering - [RVCE], Bangalore","₹ 3,33,210","₹ 12,52,400","₹ 67,00,000",3.9 / 5,#85 th / 500 in India 2025,https://collegedunia.com/college/14673-r-v-college-of-engineering-rvce-bangalore,https://collegedunia.com/college/14673-r-v-college-of-engineering-rvce-bangalore/reviews
66,"Indian Institute of Information Technology - [IIIT], Surat","₹ 2,12,500","₹ 16,40,000","₹ 1,20,00,000",4 / 5,#86 th / 500 in India 2025,https://collegedunia.com/university/59206-indian-institute-of-information-technology-iiit-surat,https://collegedunia.com/university/59206-indian-institute-of-information-technology-iiit-surat/reviews
62,"Indian Institute of Information Technology - [IIIT], Nagpur","₹ 2,46,300","₹ 14,70,000","₹ 60,00,000",3.8 / 5,#87 th / 500 in India 2025,https://collegedunia.com/university/57974-indian-institute-of-information-technology-iiit-nagpur,https://collegedunia.com/university/57974-indian-institute-of-information-technology-iiit-nagpur/reviews
70,"Indian Institute of Information Technology - [IIIT], Una","₹ 2,75,000","₹ 11,02,000","₹ 30,00,000",3.9 / 5,#88 th / 500 in India 2025,https://collegedunia.com/university/55790-indian-institute-of-information-technology-iiit-una,https://collegedunia.com/university/55790-indian-institute-of-information-technology-iiit-una/reviews
67,"Indian Institute of Information Technology Vadodara - [IIIT-V], Gandhinagar","₹ 2,90,220","₹ 12,00,000","₹ 56,30,000",4.1 / 5,#89 th / 500 in India 2025,https://collegedunia.com/university/55787-indian-institute-of-information-technology-vadodara-iiitv-gandhinagar,https://collegedunia.com/university/55787-indian-institute-of-information-technology-vadodara-iiitv-gandhinagar/reviews
91,"The LNM Institute of Information Technology - [LNMIIT], Jaipur","₹ 5,31,400","₹ 13,36,000","₹ 1,24,00,000",3.9 / 5,#90 th / 500 in India 2025,https://collegedunia.com/university/25850-the-lnm-institute-of-information-technology-lnmiit-jaipur,https://collegedunia.com/university/25850-the-lnm-institute-of-information-technology-lnmiit-jaipur/reviews
102,"Veermata Jijabai Technological Institute - [VJTI], Mumbai","₹ 86,176","₹ 16,35,000","₹ 72,30,000",4 / 5,#92 th / 500 in India 2025,https://collegedunia.com/college/28202-veermata-jijabai-technological-institute-vjti-mumbai,https://collegedunia.com/college/28202-veermata-jijabai-technological-institute-vjti-mumbai/reviews
101,"College of Engineering  - [COEP], Pune","₹ 1,56,464","₹ 11,62,000","₹ 52,57,000",4.2 / 5,#94 th / 500 in India 2025,https://collegedunia.com/college/28215-college-of-engineering-coep-pune,https://collegedunia.com/college/28215-college-of-engineering-coep-pune/reviews
112,"BMS College of Engineering - [BMSCE], Bangalore","₹ 3,01,100","₹ 11,40,000","₹ 51,50,000",4.1 / 5,#96 th / 500 in India 2025,https://collegedunia.com/college/5540-bms-college-of-engineering-bmsce-bangalore,https://collegedunia.com/college/5540-bms-college-of-engineering-bmsce-bangalore/reviews
69,"Indian Institute of Information Technology - [IIIT], Agartala","₹ 2,21,550","₹ 18,00,000","₹ 60,00,000",4.1 / 5,#97 th / 500 in India 2025,https://collegedunia.com/college/60078-indian-institute-of-information-technology-iiit-agartala,https://collegedunia.com/college/60078-indian-institute-of-information-technology-iiit-agartala/reviews
71,"Indian Institute of Information Technology - [IIIT], Sonepat","₹ 2,23,965","₹ 12,90,000","₹ 62,00,000",3.9 / 5,#98 th / 500 in India 2025,https://collegedunia.com/college/59481-indian-institute-of-information-technology-iiit-sonepat,https://collegedunia.com/college/59481-indian-institute-of-information-technology-iiit-sonepat/reviews
65,"Indian Institute of Information Technology - [IIIT-K], Kota","₹ 2,46,425","₹ 13,09,000","₹ 65,00,000",3.9 / 5,#99 th / 500 in India 2025,https://collegedunia.com/university/55788-indian-institute-of-information-technology-iiitk-kota,https://collegedunia.com/university/55788-indian-institute-of-information-technology-iiitk-kota/reviews
120,"Jaypee Institute of Information Technology University - [JIIT], Noida","₹ 4,06,000","₹ 11,30,000","₹ 94,25,000",4 / 5,#104 th / 500 in India 2025,https://collegedunia.com/university/25953-jaypee-institute-of-information-technology-university-jiit-noida,https://collegedunia.com/university/25953-jaypee-institute-of-information-technology-university-jiit-noida/reviews
74,"Indian Institute of Information Technology - [IIITD], Dharwad","₹ 4,18,500","₹ 12,00,000","₹ 78,12,000",3.7 / 5,#105 th / 500 in India 2025,https://collegedunia.com/college/55781-indian-institute-of-information-technology-iiitd-dharwad,https://collegedunia.com/college/55781-indian-institute-of-information-technology-iiitd-dharwad/reviews
40,"National Institute of Technology - [NIT] Meghalaya, Shillong","₹ 1,45,000","₹ 9,70,000","₹ 46,30,000",3.9 / 5,#108 th / 500 in India 2025,https://collegedunia.com/university/25743-national-institute-of-technology-nit-meghalaya-shillong,https://collegedunia.com/university/25743-national-institute-of-technology-nit-meghalaya-shillong/reviews
46,"National Institute of Technology - [NIT], Imphal","₹ 1,57,800","₹ 47,00,000",,3.9 / 5,#109 th / 500 in India 2025,https://collegedunia.com/university/28221-national-institute-of-technology-nit-imphal,https://collegedunia.com/university/28221-national-institute-of-technology-nit-imphal/reviews
44,"National Institute of Technology - [NIT], South Sikkim","₹ 1,53,835","₹ 8,18,000","₹ 31,45,000",3.9 / 5,#111 th / 500 in India 2025,https://collegedunia.com/university/28213-national-institute-of-technology-nit-south-sikkim,https://collegedunia.com/university/28213-national-institute-of-technology-nit-south-sikkim/reviews
87,"SRM University, Amaravathi","₹ 2,65,000","₹ 7,07,000","₹ 40,00,000",4.2 / 5,#112 th / 500 in India 2025,https://collegedunia.com/university/58597-srm-university-amaravathi,https://collegedunia.com/university/58597-srm-university-amaravathi/reviews
120,"Jaypee Institute of Information Technology University - [JIIT], Noida","₹ 4,06,000","₹ 11,30,000","₹ 94,25,000",4 / 5,#104 th / 500 in India 2025,https://collegedunia.com/university/25953-jaypee-institute-of-information-technology-university-jiit-noida,https://collegedunia.com/university/25953-jaypee-institute-of-information-technology-university-jiit-noida/reviews
74,"Indian Institute of Information Technology - [IIITD], Dharwad","₹ 4,18,500","₹ 12,00,000","₹ 78,12,000",3.7 / 5,#105 th / 500 in India 2025,https://collegedunia.com/college/55781-indian-institute-of-information-technology-iiitd-dharwad,https://collegedunia.com/college/55781-indian-institute-of-information-technology-iiitd-dharwad/reviews
40,"National Institute of Technology - [NIT] Meghalaya, Shillong","₹ 1,45,000","₹ 9,70,000","₹ 46,30,000",3.9 / 5,#108 th / 500 in India 2025,https://collegedunia.com/university/25743-national-institute-of-technology-nit-meghalaya-shillong,https://collegedunia.com/university/25743-national-institute-of-technology-nit-meghalaya-shillong/reviews
46,"National Institute of Technology - [NIT], Imphal","₹ 1,57,800","₹ 47,00,000",,3.9 / 5,#109 th / 500 in India 2025,https://collegedunia.com/university/28221-national-institute-of-technology-nit-imphal,https://collegedunia.com/university/28221-national-institute-of-technology-nit-imphal/reviews
44,"National Institute of Technology - [NIT], South Sikkim","₹ 1,53,835","₹ 8,18,000","₹ 31,45,000",3.9 / 5,#111 th / 500 in India 2025,https://collegedunia.com/university/28213-national-institute-of-technology-nit-south-sikkim,https://collegedunia.com/university/28213-national-institute-of-technology-nit-south-sikkim/reviews
87,"SRM University, Amaravathi","₹ 2,65,000","₹ 7,07,000","₹ 40,00,000",4.2 / 5,#112 th / 500 in India 2025,https://collegedunia.com/university/58597-srm-university-amaravathi,https://collegedunia.com/university/58597-srm-university-amaravathi/reviews
96,"Kalinga Institute of Industrial Technology - [KIIT], Bhubaneswar","₹ 5,19,000","₹ 8,50,000","₹ 63,00,000",4.2 / 5,#114 th / 500 in India 2025,https://collegedunia.com/university/25760-kalinga-institute-of-industrial-technology-kiit-bhubaneswar,https://collegedunia.com/university/25760-kalinga-institute-of-industrial-technology-kiit-bhubaneswar/reviews
42,"National Institute of Technology - [NIT], Dimapur","₹ 1,60,200","₹ 4,22,000","₹ 13,95,000",3.7 / 5,#118 th / 500 in India 2025,https://collegedunia.com/university/28219-national-institute-of-technology-nit-dimapur,https://collegedunia.com/university/28219-national-institute-of-technology-nit-dimapur/reviews
43,"National Institute of Technology - [NIT], Aizawl","₹ 1,50,200","₹ 8,40,000","₹ 35,00,000",3.4 / 5,#120 th / 500 in India 2025,https://collegedunia.com/university/28298-national-institute-of-technology-nit-aizawl,https://collegedunia.com/university/28298-national-institute-of-technology-nit-aizawl/reviews
76,"Indian Institute of Information Technology - [IIITM], Imphal","₹ 3,06,300","₹ 8,70,000","₹ 40,00,000",3.9 / 5,#121 th / 500 in India 2025,https://collegedunia.com/university/55783-indian-institute-of-information-technology-iiitm-imphal,https://collegedunia.com/university/55783-indian-institute-of-information-technology-iiitm-imphal/reviews
41,"National Institute of Technology - [NIT], Papum Pare","₹ 1,45,600","₹ 7,37,000","₹ 58,00,000",3.6 / 5,#122 th / 500 in India 2025,https://collegedunia.com/university/25387-national-institute-of-technology-nit-papum-pare,https://collegedunia.com/university/25387-national-institute-of-technology-nit-papum-pare/reviews
111,"Institute of Chemical Technology - [ICT], Mumbai","₹ 88,350","₹ 6,00,000","₹ 9,00,000",4.3 / 5,#124 th / 500 in India 2025,https://collegedunia.com/university/25705-institute-of-chemical-technology-ict-mumbai,https://collegedunia.com/university/25705-institute-of-chemical-technology-ict-mumbai/reviews
128,"P.S.G College of Technology - [PSGCT], Coimbatore","₹ 55,000",,,4.2 / 5,#127 th / 500 in India 2025,https://collegedunia.com/college/24312-psg-college-of-technology-psgct-coimbatore,https://collegedunia.com/college/24312-psg-college-of-technology-psgct-coimbatore/reviews
109,"Institute of Technology, Nirma University, Ahmedabad","₹ 2,72,200","₹ 8,30,000","₹ 52,25,000",4.2 / 5,#131 th / 500 in India 2025,https://collegedunia.com/college/24100-institute-of-technology-nirma-university-ahmedabad,https://collegedunia.com/college/24100-institute-of-technology-nirma-university-ahmedabad/reviews
88,"Manipal Institute of Technology - [MIT], Manipal","₹ 20,54,000","₹ 12,31,000","₹ 69,25,000",4.3 / 5,#132 th / 500 in India 2025,https://collegedunia.com/college/14265-manipal-institute-of-technology-mit-manipal,https://collegedunia.com/college/14265-manipal-institute-of-technology-mit-manipal/reviews
135,"Manipal Institute of Technology - [MIT], Manipal","₹ 20,54,000","₹ 12,31,000","₹ 69,25,000",4.3 / 5,#132 th / 500 in India 2025,https://collegedunia.com/college/14265-manipal-institute-of-technology-mit-manipal,https://collegedunia.com/college/14265-manipal-institute-of-technology-mit-manipal/reviews
127,"SASTRA University, Thanjavur","₹ 1,87,000","₹ 27,00,000",,3.8 / 5,#139 th / 500 in India 2025,https://collegedunia.com/university/25895-sastra-university-thanjavur,https://collegedunia.com/university/25895-sastra-university-thanjavur/reviews
114,"PES University - [PESU], Bangalore","₹ 5,60,000","₹ 10,10,000","₹ 65,00,000",3.9 / 5,#140 th / 500 in India 2025,https://collegedunia.com/university/28294-pes-university-pesu-bangalore,https://collegedunia.com/university/28294-pes-university-pesu-bangalore/reviews
113,"Ramaiah Institute of Technology - [RIT], Bangalore","₹ 3,01,100","₹ 7,66,000","₹ 50,00,000",4 / 5,#143 th / 500 in India 2025,https://collegedunia.com/college/5621-ramaiah-institute-of-technology-rit-bangalore,https://collegedunia.com/college/5621-ramaiah-institute-of-technology-rit-bangalore/reviews
97,"Lovely Professional University - [LPU], Jalandhar","₹ 3,70,000","₹ 2,50,00,000",,4.2 / 5,#144 th / 500 in India 2025,https://collegedunia.com/university/25787-lovely-professional-university-lpu-jalandhar,https://collegedunia.com/university/25787-lovely-professional-university-lpu-jalandhar/reviews
145,"University Institute of Engineering, Chandigarh University - [UIE], Mohali","₹ 2,35,500","₹ 54,75,000",,4.2 / 5,#151 th / 500 in India 2025,https://collegedunia.com/college/57085-university-institute-of-engineering-chandigarh-university-uie-mohali,https://collegedunia.com/college/57085-university-institute-of-engineering-chandigarh-university-uie-mohali/reviews
119,"Galgotias University - [GU], Greater Noida","₹ 1,77,000","₹ 5,25,000","₹ 39,00,000",3.8 / 5,#165 th / 500 in India 2025,https://collegedunia.com/university/25940-galgotias-university-gu-greater-noida,https://collegedunia.com/university/25940-galgotias-university-gu-greater-noida/reviews
133,"Dayananda Sagar College of Engineering - [DSCE], Bangalore","₹ 3,01,100","₹ 7,50,000","₹ 20,00,000",4 / 5,#202 th / 500 in India 2025,https://collegedunia.com/college/28562-dayananda-sagar-college-of-engineering-dsce-bangalore,https://collegedunia.com/college/28562-dayananda-sagar-college-of-engineering-dsce-bangalore/reviews
117,"Institute of Engineering and Management - [IEM], Kolkata","₹ 2,35,000","₹ 7,50,000","₹ 32,00,000",4 / 5,#221 th / 500 in India 2025,https://collegedunia.com/college/13834-institute-of-engineering-and-management-iem-kolkata,https://collegedunia.com/college/13834-institute-of-engineering-and-management-iem-kolkata/reviews
132,"KLE Technological University, Hubli","₹ 3,01,100","₹ 5,30,000","₹ 46,38,000",4.2 / 5,#224 th / 500 in India 2025,https://collegedunia.com/university/12953-kle-technological-university-hubli,https://collegedunia.com/university/12953-kle-technological-university-hubli/reviews
100,"Symbiosis Institute of Technology - [SIT], Pune","₹ 3,20,000","₹ 10,54,000","₹ 50,00,000",4.2 / 5,#225 th / 500 in India 2025,https://collegedunia.com/college/15409-symbiosis-institute-of-technology-sit-pune,https://collegedunia.com/college/15409-symbiosis-institute-of-technology-sit-pune/reviews
118,"Heritage Institute of Technology - [HIT], Kolkata","₹ 1,72,200","₹ 4,62,100","₹ 1,13,00,000",4.2 / 5,#235 th / 500 in India 2025,https://collegedunia.com/college/13708-heritage-institute-of-technology-hit-kolkata,https://collegedunia.com/college/13708-heritage-institute-of-technology-hit-kolkata/reviews
123,"Ajay Kumar Garg Engineering College - [AKGEC], Ghaziabad","₹ 1,42,156","₹ 5,41,000","₹ 30,00,000",3.8 / 5,#274 th / 500 in India 2025,https://collegedunia.com/college/12753-ajay-kumar-garg-engineering-college-akgec-ghaziabad,https://collegedunia.com/college/12753-ajay-kumar-garg-engineering-college-akgec-ghaziabad/reviews
125,"Nitte Meenakshi Institute of Technology - [NMIT] (Deemed to be University), Bangalore","₹ 3,25,000","₹ 59,00,000",,3.9 / 5,#292 th / 500 in India 2025,https://collegedunia.com/college/14500-nitte-meenakshi-institute-of-technology-nmit-deemed-to-be-university-bangalore,https://collegedunia.com/college/14500-nitte-meenakshi-institute-of-technology-nmit-deemed-to-be-university-bangalore/reviews
130,"Vel Tech Rangarajan Dr. Sagunthala R and D Institute of Science and Technology - [Vel Tech], Chennai","₹ 3,85,000","₹ 44,00,000",,3.7 / 5,#294 th / 500 in India 2025,https://collegedunia.com/university/54852-vel-tech-rangarajan-dr-sagunthala-r-and-d-institute-of-science-and-technology-vel-tech-chennai,https://collegedunia.com/university/54852-vel-tech-rangarajan-dr-sagunthala-r-and-d-institute-of-science-and-technology-vel-tech-chennai/reviews
126,"RNS Institute of Technology - [RNSIT], Bangalore","₹ 3,01,100","₹ 50,00,000",,3.9 / 5,#300 th / 500 in India 2025,https://collegedunia.com/college/14664-rns-institute-of-technology-rnsit-bangalore,https://collegedunia.com/college/14664-rns-institute-of-technology-rnsit-bangalore/reviews
136,"REVA University, Bangalore","₹ 1,27,000","₹ 40,00,000",,4.2 / 5,#326 th / 500 in India 2025,https://collegedunia.com/university/54859-reva-university-bangalore,https://collegedunia.com/university/54859-reva-university-bangalore/reviews
129,"Thiagarajar College of Engineering - [TCE], Madurai","₹ 3,48,000","₹ 7,10,000","₹ 29,00,000",4.2 / 5,#470 th / 500 in India 2025,https://collegedunia.com/college/15475-thiagarajar-college-of-engineering-tce-madurai,https://collegedunia.com/college/15475-thiagarajar-college-of-engineering-tce-madurai/reviews
148,"Assam Engineering College - [AEC], Guwahati","₹ 15,000",,,3.9 / 5,#488 th / 500 in India 2025,https://collegedunia.com/college/12900-assam-engineering-college-aec-guwahati,https://collegedunia.com/college/12900-assam-engineering-college-aec-guwahati/reviews
141,"DIT University - [DIT], Dehradun","₹ 2,40,300","₹ 58,00,000",,3.9 / 5,#41 th / 200 in India 2025,https://collegedunia.com/university/13321-dit-university-dit-dehradun,https://collegedunia.com/university/13321-dit-university-dit-dehradun/reviews
124,"Yeshwantrao Chavan College of Engineering - [YCCE], Nagpur","₹ 6,94,216","₹ 6,00,000","₹ 25,00,000",4 / 5,#121 th / 269 in India 2025,https://collegedunia.com/college/15508-yeshwantrao-chavan-college-of-engineering-ycce-nagpur,https://collegedunia.com/college/15508-yeshwantrao-chavan-college-of-engineering-ycce-nagpur/reviews
85,"VIT University - [VIT- AP], Guntur","₹ 1,98,000","₹ 1,00,00,000",,4 / 5,,https://collegedunia.com/university/59270-vit-university-vit-ap-guntur,https://collegedunia.com/university/59270-vit-university-vit-ap-guntur/reviews
149,"SRMIST Delhi NCR Campus, Ghaziabad","₹ 2,21,000","₹ 65,00,000",,3.9 / 5,,https://collegedunia.com/university/25967-srmist-delhi-ncr-campus-ghaziabad,https://collegedunia.com/university/25967-srmist-delhi-ncr-campus-ghaziabad/reviews
84,"Vellore Institute of Technology - [VIT] Chennai, Chennai","₹ 1,98,000","₹ 9,90,000","₹ 88,00,000",4 / 5,,https://collegedunia.com/university/56865-vellore-institute-of-technology-vit-chennai-chennai,https://collegedunia.com/university/56865-vellore-institute-of-technology-vit-chennai-chennai/reviews
131,"Saveetha Engineering College - [SEC], Chennai","₹ 50,000","₹ 5,36,000","₹ 36,00,000",4 / 5,#201 th / 300 in India 2025,https://collegedunia.com/college/14967-saveetha-engineering-college-sec-chennai,https://collegedunia.com/college/14967-saveetha-engineering-college-sec-chennai/reviews
134,"NMAM Institute of Technology - [NMAMIT], Udupi","₹ 3,60,000","₹ 59,00,000",,4 / 5,#87 th / 286 in India 2025,https://collegedunia.com/college/56066-nmam-institute-of-technology-nmamit-udupi,https://collegedunia.com/college/56066-nmam-institute-of-technology-nmamit-udupi/reviews
99,"Christ University Bangalore (Kengeri Campus), Bangalore","₹ 3,98,000","₹ 8,78,000","₹ 16,00,000",4 / 5,,https://collegedunia.com/university/64886-christ-university-bangalore-kengeri-campus-bangalore,https://collegedunia.com/university/64886-christ-university-bangalore-kengeri-campus-bangalore/reviews
137,"Sri Ramakrishna Institute of Technology - [SRIT], Coimbatore","₹ 1,08,000",,,3.9 / 5,#196 th / 286 in India 2025,https://collegedunia.com/college/15244-sri-ramakrishna-institute-of-technology-srit-coimbatore,https://collegedunia.com/college/15244-sri-ramakrishna-institute-of-technology-srit-coimbatore/reviews
138,"Shiv Nadar University, Chennai","₹ 3,96,000","₹ 11,35,000","₹ 58,09,000",4.1 / 5,,https://collegedunia.com/university/62410-shiv-nadar-university-chennai,https://collegedunia.com/university/62410-shiv-nadar-university-chennai/reviews
86,"SRM Institute of Science and Technology - [SRMIST], Chennai","₹ 2,85,000","₹ 6,66,000","₹ 65,00,000",4 / 5,#21 th / 286 in India 2025,https://collegedunia.com/university/25896-srm-institute-of-science-and-technology-srmist-chennai,https://collegedunia.com/university/25896-srm-institute-of-science-and-technology-srmist-chennai/reviews
98,"Narsee Monjee Institute of Management Studies - [NMIMS Deemed to be University], Mumbai","₹ 4,50,000","₹ 25,13,000","₹ 67,70,000",4.1 / 5,#101 th / 300 in India 2025,https://collegedunia.com/university/25716-narsee-monjee-institute-of-management-studies-nmims-deemed-to-be-university-mumbai,https://collegedunia.com/university/25716-narsee-monjee-institute-of-management-studies-nmims-deemed-to-be-university-mumbai/reviews
104,"Anna University - [AU], Chennai","₹ 47,200",,,3.7 / 5,#12 th / 286 in India 2025,https://collegedunia.com/university/25863-anna-university-au-chennai,https://collegedunia.com/university/25863-anna-university-au-chennai/reviews
89,"Amrita Vishwa Vidyapeetham, Coimbatore","₹ 6,10,000","₹ 9,08,000","₹ 56,95,000",3.8 / 5,#23 th / 300 in India 2025,https://collegedunia.com/university/28384-amrita-vishwa-vidyapeetham-coimbatore,https://collegedunia.com/university/28384-amrita-vishwa-vidyapeetham-coimbatore/reviews
94,"Chitkara University - [CU], Patiala","₹ 2,40,000","₹ 10,80,000","₹ 1,10,00,000",4 / 5,#62 th / 269 in India 2025,https://collegedunia.com/university/25778-chitkara-university-cu-patiala,https://collegedunia.com/university/25778-chitkara-university-cu-patiala/reviews
116,"MIT World Peace University - [MIT-WPU], Pune","₹ 3,65,000","₹ 7,00,000","₹ 51,36,000",3.9 / 5,#56 th / 286 in India 2025,https://collegedunia.com/university/18416-mit-world-peace-university-mitwpu-pune,https://collegedunia.com/university/18416-mit-world-peace-university-mitwpu-pune/reviews
140,"Graphic Era University - [GEU], Dehradun","₹ 3,23,400","₹ 61,99,000",,4.1 / 5,#52 th / 300 in India 2025,https://collegedunia.com/university/25985-graphic-era-university-geu-dehradun,https://collegedunia.com/university/25985-graphic-era-university-geu-dehradun/reviews
95,"Amity University, Noida","₹ 3,50,000","₹ 9,60,000","₹ 62,00,000",4 / 5,#43 th / 269 in India 2025,https://collegedunia.com/university/54797-amity-university-noida,https://collegedunia.com/university/54797-amity-university-noida/reviews
143,"GLA University, Mathura","₹ 2,03,000","₹ 6,30,000","₹ 55,00,000",4.2 / 5,#151 th / 300 in India 2025,https://collegedunia.com/university/25939-gla-university-mathura,https://collegedunia.com/university/25939-gla-university-mathura/reviews
147,"Tezpur University - [TU], Tezpur","₹ 61,786",,,4.1 / 5,#151 th / 300 in India 2025,https://collegedunia.com/university/25401-tezpur-university-tu-tezpur,https://collegedunia.com/university/25401-tezpur-university-tu-tezpur/reviews
93,"UPES, Dehradun","₹ 2,82,000","₹ 33,00,000",,3.9 / 5,#43 th / 300 in India 2025,https://collegedunia.com/university/25997-upes-dehradun,https://collegedunia.com/university/25997-upes-dehradun/reviews
93,"UPES, Dehradun","₹ 2,82,000","₹ 33,00,000",,3.9 / 5,#43 th / 300 in India 2025,https://collegedunia.com/university/25997-upes-dehradun,https://collegedunia.com/university/25997-upes-dehradun/reviews
142,"Bennett University, Greater Noida","₹ 4,80,000","₹ 11,10,000","₹ 1,37,00,000",4.1 / 5,#42 th / 173 in India 2024,https://collegedunia.com/university/55776-bennett-university-greater-noida,https://collegedunia.com/university/55776-bennett-university-greater-noida/reviews
92,"Shiv Nadar University - [SNU], Greater Noida","₹ 7,58,500","₹ 9,88,000","₹ 54,82,000",4.3 / 5,#21 th / 173 in India 2024,https://collegedunia.com/university/25973-shiv-nadar-university-snu-greater-noida,https://collegedunia.com/university/25973-shiv-nadar-university-snu-greater-noida/reviews
144,"Harcourt Butler Technological University - [HBTU], Kanpur","₹ 1,35,000","₹ 17,50,000",,3.8 / 5,#23 th / 269 in India 2025,https://collegedunia.com/university/13697-harcourt-butler-technological-university-hbtu-kanpur,https://collegedunia.com/university/13697-harcourt-butler-technological-university-hbtu-kanpur/reviews
